sandrafoyt,sandrafoyt
iamedia007,iamedia007
healthwarehouse,healthwarehouse
amykocur,amykocur
schachin,schachin
adamostrow,adamostrow
kimhollenshead,kimhollenshead
vikkivendetta,vikkivendetta
tikkers,tikkers
rondostar,rondostar
alyandajfanatic,alyandajfanatic
vivowang,vivowang
camplommer,camplommer
tarasuan,tarasuan
tiboutoo,tiboutoo
fremontchamber,fremontchamber
marieguerralyce,marieguerralyce
gyrus,gyrus
afpa1,afpa1
crainschicago,crainschicago
iancrocombe,iancrocombe
4sqlovestory,4sqlovestory
n8thesk8,n8thesk8
edgarprado,edgarprado
_dom,_dom
britrock,britrock
tennessean,tennessean
ironingyoutube,ironingyoutube
lazarusross,lazarusross
teenvogue,teenvogue
johnshopkins,johnshopkins
rtsnance,rtsnance
panda_austen,panda_austen
lesliempr,lesliempr
holmespi,holmespi
noelmcdermott,noelmcdermott
joemirabella,joemirabella
innab,innab
mameres,mameres
mktgnerd,mktgnerd
corbenic,corbenic
alainarivas,alainarivas
marco_demerling,marco_demerling
newyorkhabitat,newyorkhabitat
mattwromero,mattwromero
justushammond,justushammond
getnakees,getnakees
rigginsconst,rigginsconst
akaashsaini,akaashsaini
ekivemark,ekivemark
thony_50,thony_50
dtrliveworkplay,dtrliveworkplay
savageque,savageque
sfgiants,sfgiants
misspickles2,misspickles2
michaeldrico,michaeldrico
markwhiting,markwhiting
kevinrzuber,kevinrzuber
embertime,embertime
freelilly,freelilly
matthewtennant,matthewtennant
olitreadwell,olitreadwell
lyndalpn,lyndalpn
joekanakaraj,joekanakaraj
griner,griner
zachward,zachward
platoonfitness,platoonfitness
gutterthegreat,gutterthegreat
ericdet314,ericdet314
itwentviral,itwentviral
elisia66,elisia66
alphasigs,alphasigs
libbydoodle,libbydoodle
anildash,anildash
tessa,tessa
siravo,siravo
theecofoodie,theecofoodie
jimgrayonline,jimgrayonline
adriennenhester,adriennenhester
nycgo,nycgo
kegill,kegill
manhunt,manhunt
dens,dens
tanveer86,tanveer86
shrutigoradia,shrutigoradia
niamhhughes,niamhhughes
mat,mat
crossga,crossga
rocktique,rocktique
jenmitlas,jenmitlas
tinokuehnel,tinokuehnel
ash_nicholson,ash_nicholson
kprobbins,kprobbins
hasselbeck,hasselbeck
jimprosser,jimprosser
nyc_dot,nyc_dot
nosa_vos,nosa_vos
anthonyshelley,anthonyshelley
christinekorda,christinekorda
richardmachtel,richardmachtel
doubletreesea,doubletreesea
jamestrobo,jamestrobo
kipdurney,kipdurney
mls,mls
mktgnutz,mktgnutz
tedvalentin,tedvalentin
betabay,betabay
krochmal,krochmal
rcrdlbl,rcrdlbl
heymattkirsch,heymattkirsch
ialen,ialen
amy725,amy725
genepark,genepark
sparktacoma,sparktacoma
opajdara,opajdara
whitneysays,whitneysays
villanovau,villanovau
hyattmaui,hyattmaui
temptintaurean,temptintaurean
annapizarro,annapizarro
antibride,antibride
rangison,rangison
steelcitydiva,steelcitydiva
wintacoma,wintacoma
dsmith124,dsmith124
nancyorganizes,nancyorganizes
whizhouse,whizhouse
jacobdfriedman,jacobdfriedman
racheltbue,racheltbue
donniefranklin,donniefranklin
hrhutchi,hrhutchi
estarks02,estarks02
tulisabel,tulisabel
datachick,datachick
nick_rehm,nick_rehm
ambassadorbruny,ambassadorbruny
jer979,jer979
brittanygreer5,brittanygreer5
krynsky,krynsky
thebradical,thebradical
lilyshumleung,lilyshumleung
mslauraliu,mslauraliu
t0mmym3ad,t0mmym3ad
saintinc,saintinc
jeannemariepics,jeannemariepics
ctbartab,ctbartab
leotwit,leotwit
imabima,imabima
helloitsliam,helloitsliam
gdrosser,gdrosser
plawler,plawler
gknutson,gknutson
thomascrampton,thomascrampton
dukeu,dukeu
socialapp4u,socialapp4u
oscarthiers,oscarthiers
padres,padres
rickmurray,rickmurray
debra11,debra11
carlosmiranda,carlosmiranda
iamglennmiller,iamglennmiller
lifeinparadise,lifeinparadise
resplendentlyme,resplendentlyme
dggoes211,dggoes211
rushwan,rushwan
alistdfw,alistdfw
justjulie,justjulie
josephmorin,josephmorin
umg,umg
megan_calimbas,megan_calimbas
nynyvegas,nynyvegas
greggwsoucie,greggwsoucie
stayheated,stayheated
danopaquette,danopaquette
obamamerican48,obamamerican48
udovetter,udovetter
timoreilly,timoreilly
wingless92,wingless92
cmuiz,cmuiz
ccdoan,ccdoan
alie_webb,alie_webb
robknapton,robknapton
razabegg,razabegg
tgirvin,tgirvin
thachnguyen,thachnguyen
massander,massander
heatherrglass,heatherrglass
jruggiero,jruggiero
laurably,laurably
kellythul,kellythul
dwescott1,dwescott1
persiancowboy,persiancowboy
adcunningham,adcunningham
abestanway,abestanway
jessicanorthey,jessicanorthey
247modernmom,247modernmom
jrhunt,jrhunt
lucascookmusic,lucascookmusic
seasurgzevents,seasurgzevents
danceking,danceking
aaronlutze,aaronlutze
benmcconnell,benmcconnell
badbrad562,badbrad562
shanesafool,shanesafool
nationalpost,nationalpost
djacobs,djacobs
osyrn,osyrn
chaseclark,chaseclark
osum,osum
shwen,shwen
hornokplease,hornokplease
marthadear,marthadear
miranmaric,miranmaric
amezini,amezini
tfbraelyn,tfbraelyn
vagabndetroiter,vagabndetroiter
micek,micek
bbcworldservice,bbcworldservice
danrichardsjr,danrichardsjr
cc_chapman,cc_chapman
andrewsmith1443,andrewsmith1443
nilsgranger,nilsgranger
tgdietz,tgdietz
scanman,scanman
nbcthevoice,nbcthevoice
rickgriffin,rickgriffin
eranium,eranium
josselinmo,josselinmo
def1ant1,def1ant1
davewaite,davewaite
outdoordivas,outdoordivas
sarahchambers,sarahchambers
ctcfit,ctcfit
paediatrix,paediatrix
that_danielle,that_danielle
skymall,skymall
stevehall,stevehall
crainsnewyork,crainsnewyork
ashleylaurend,ashleylaurend
carissaanneb,carissaanneb
leolaporte,leolaporte
niketa,niketa
forrestkoba,forrestkoba
mjtski,mjtski
concerts,concerts
melgordon,melgordon
lisetterocco,lisetterocco
jeffinsell,jeffinsell
nik_nik,nik_nik
beourguestmike,beourguestmike
elspethjane,elspethjane
rowiro,rowiro
yanceyu,yanceyu
clayman,clayman
dmcdowell523,dmcdowell523
hilltoplive,hilltoplive
lucienengelen,lucienengelen
decanter,decanter
jayded_dreams,jayded_dreams
mr_joshhern,mr_joshhern
danny_fitton,danny_fitton
phillyfreedm,phillyfreedm
beenishm23,beenishm23
joemfbrown,joemfbrown
edkless,edkless
jtucker65,jtucker65
hofstrau,hofstrau
zipcar,zipcar
staciasellshome,staciasellshome
myphillyalive,myphillyalive
srrprr,srrprr
wil0520,wil0520
davekerpen,davekerpen
dough,dough
furiouscabbage,furiouscabbage
fritzism,fritzism
bridgetzig,bridgetzig
arifuchs,arifuchs
phillyncrowd,phillyncrowd
leadinghotels,leadinghotels
2007_s2,2007_s2
copano,copano
mattdanzico,mattdanzico
joshuaschwimmer,joshuaschwimmer
alvarezjulian,alvarezjulian
kylebunch,kylebunch
vitaminwater_ca,vitaminwater_ca
annev6,annev6
iceshan,iceshan
67mele,67mele
coryjim,coryjim
heymemoirs,heymemoirs
tobyd,tobyd
simonschuster,simonschuster
pnwnetworking,pnwnetworking
bowsern,bowsern
kosherfoodies,kosherfoodies
pbs,pbs
pineridgecondos,pineridgecondos
nickbilton,nickbilton
alanajoy,alanajoy
krystyl,krystyl
gourmetlive,gourmetlive
christophoclese,christophoclese
kyledeb,kyledeb
kahbang,kahbang
mindofandre,mindofandre
meghanpgill,meghanpgill
forechecker,forechecker
itsmejoolie,itsmejoolie
micah,micah
iywkeywest,iywkeywest
fortunemagazine,fortunemagazine
dbmagazine,dbmagazine
scootklein,scootklein
ienner,ienner
tarastiles,tarastiles
jasonkeath,jasonkeath
carefulkeeper,carefulkeeper
mrflip,mrflip
kurtclark,kurtclark
mariajesusv,mariajesusv
katebuckjr,katebuckjr
atalexbooth,atalexbooth
contentkim,contentkim
liscallelura,liscallelura
jeremiah,jeremiah
ravimongia,ravimongia
sutahonthebeach,sutahonthebeach
racingtales,racingtales
arielcoro,arielcoro
shopbrazos,shopbrazos
dedlam,dedlam
thaz7,thaz7
klauseck,klauseck
scottmonty,scottmonty
ericwms,ericwms
crmcmullen,crmcmullen
abovethestatic,abovethestatic
fimoculous,fimoculous
kinlane,kinlane
nickydigital,nickydigital
vegasvcard,vegasvcard
stephenpeeler,stephenpeeler
mandyschu,mandyschu
kristiewells,kristiewells
brokentreedist,brokentreedist
ccuellar,ccuellar
adriftnz,adriftnz
heatherleson,heatherleson
vincewilcox,vincewilcox
forgen,forgen
digitaltourbus,digitaltourbus
julierasmussen,julierasmussen
msteechur,msteechur
dmytrovoytko,dmytrovoytko
cheflayla,cheflayla
heyrosetta,heyrosetta
williambaobean,williambaobean
jillhanner,jillhanner
justicemitchell,justicemitchell
emiliad,emiliad
minderelly9,minderelly9
gabevidal,gabevidal
shawncarter03,shawncarter03
savvytweeter,savvytweeter
themaninthehat,themaninthehat
antoniocdsmith,antoniocdsmith
catahouligan,catahouligan
anniemal,anniemal
alannyc,alannyc
hearnebraska,hearnebraska
bryanseq,bryanseq
dc_design_print,dc_design_print
rothsteinjewlry,rothsteinjewlry
jasoncastellani,jasoncastellani
sears,sears
mager,mager
caseylynnmms,caseylynnmms
ilovegarick,ilovegarick
armainiac,armainiac
le_fino,le_fino
stephlauren,stephlauren
gopconvention,gopconvention
jameshuerta,jameshuerta
lululemon,lululemon
philaunion,philaunion
tracystewart17,tracystewart17
bradyhahn,bradyhahn
skillshare,skillshare
sherylshusband,sherylshusband
peli_,peli_
s_zangrilli,s_zangrilli
noh8campaign,noh8campaign
hajjflemings,hajjflemings
markfidelman,markfidelman
lmsagency,lmsagency
markriffey,markriffey
petershankman,petershankman
gayecrispin,gayecrispin
kylaapplegate,kylaapplegate
aprilknunchucks,aprilknunchucks
wilso208,wilso208
kristensavage,kristensavage
dallasmuseumart,dallasmuseumart
anda_jd,anda_jd
gingerbreadgal,gingerbreadgal
vmartinez8260,vmartinez8260
bikerswelcomeus,bikerswelcomeus
kipnisstudios,kipnisstudios
brad_justus,brad_justus
susie_parker,susie_parker
imercuryinfo,imercuryinfo
iluvmarthasvy,iluvmarthasvy
supermodelme,supermodelme
michelreverte,michelreverte
nugmag,nugmag
lotekjunky,lotekjunky
mh,mh
felix,felix
austin360hot,austin360hot
ceonyc,ceonyc
jerrylin,jerrylin
nyulocal,nyulocal
mariosundar,mariosundar
brianhauer,brianhauer
joe_bauer,joe_bauer
juliaroy,juliaroy
dhoov08004,dhoov08004
beejer,beejer
chrisricca,chrisricca
dbfseattle,dbfseattle
fearlessrecords,fearlessrecords
reinventingcole,reinventingcole
bradcbarker,bradcbarker
anytimefitness,anytimefitness
joshknowles,joshknowles
jazzyjade45,jazzyjade45
tessabarrera,tessabarrera
theplanetd,theplanetd
rickyrobinett,rickyrobinett
chicagoval,chicagoval
thebradking,thebradking
sabroyles,sabroyles
juanctirado,juanctirado
seattletimes,seattletimes
nw_music_scene,nw_music_scene
albertwenger,albertwenger
jasonmoriber,jasonmoriber
therobbie22,therobbie22
johnedetroit,johnedetroit
adriarichards,adriarichards
redbookmag,redbookmag
vabeloved,vabeloved
mikeschiemer,mikeschiemer
cherylrice,cherylrice
gregarious,gregarious
kw70,kw70
houseofbrew,houseofbrew
decept1k0n,decept1k0n
allthingskate,allthingskate
travisketchum,travisketchum
tayari,tayari
beaulebens,beaulebens
alexgarcia,alexgarcia
deaconbluue,deaconbluue
glamsquadshop,glamsquadshop
burtonsnowboard,burtonsnowboard
parrisharris,parrisharris
extratv,extratv
iprincemb,iprincemb
slowfoodnyc,slowfoodnyc
damianodemonte,damianodemonte
bharrier,bharrier
benzado,benzado
queensland,queensland
gvaro,gvaro
stephagresta,stephagresta
s_wash,s_wash
scottrasak,scottrasak
totallymorgan,totallymorgan
dusanmurco,dusanmurco
kevinurie,kevinurie
alexissunshine,alexissunshine
johngarcia,johngarcia
metmuseum,metmuseum
weslyons,weslyons
laurenashleys,laurenashleys
aeer69,aeer69
ctbites,ctbites
lisap,lisap
toddjolmstead,toddjolmstead
brunasororo,brunasororo
artocalypse,artocalypse
meganbrownrn,meganbrownrn
clatko,clatko
mikewesterberg,mikewesterberg
wendymonday,wendymonday
mariners,mariners
jcinis,jcinis
kayak,kayak
jacksonjey,jacksonjey
frdhutaz,frdhutaz
digitalascent,digitalascent
iconic88,iconic88
endovenoso,endovenoso
maryforrest,maryforrest
sea_happyhour,sea_happyhour
elliotj651,elliotj651
andrewphelps,andrewphelps
sarahbethrosa,sarahbethrosa
sargenaldo,sargenaldo
jeffrey3063,jeffrey3063
psychmesu,psychmesu
weddingpr,weddingpr
amalucky,amalucky
styledotcom,styledotcom
yonifreedhoff,yonifreedhoff
lilsmarsh,lilsmarsh
neonvacation,neonvacation
delawarere,delawarere
curtisraye,curtisraye
craftalliance,craftalliance
outmagazine,outmagazine
heidismilde,heidismilde
jaldous,jaldous
lizasperling,lizasperling
wmag,wmag
nycparks,nycparks
colinglenn,colinglenn
aroundphilly,aroundphilly
melissajwalker,melissajwalker
phidelt,phidelt
makeupartist524,makeupartist524
coachniquenya,coachniquenya
laughingsquid,laughingsquid
wezg,wezg
iboughtamac,iboughtamac
phvegas,phvegas
miriamtorrente,miriamtorrente
puccetto,puccetto
antnys,antnys
drinkphilly,drinkphilly
htpotter,htpotter
g_lovesky,g_lovesky
hc,hc
tydowning,tydowning
hodgman,hodgman
rockingcomedy,rockingcomedy
bobbibillard,bobbibillard
cntraveler,cntraveler
hiltonseattle,hiltonseattle
mg,mg
kikapimenta,kikapimenta
stevewoz,stevewoz
equinox,equinox
paulbarron,paulbarron
armano,armano
gaetkoguy,gaetkoguy
calsclassic,calsclassic
nananepo,nananepo
muzicluver28,muzicluver28
gradylocklear,gradylocklear
crashoverride_,crashoverride_
n4_bb,n4_bb
steveclyde,steveclyde
theory__,theory__
stales,stales
francischoe,francischoe
whistlerblckcmb,whistlerblckcmb
charitys,charitys
ron_ledford,ron_ledford
scottbarnes,scottbarnes
slangeditorial,slangeditorial
jpunishill,jpunishill
youngowen,youngowen
synergybydesign,synergybydesign
themorningfresh,themorningfresh
matthewjleblanc,matthewjleblanc
triviaad,triviaad
shahkaal,shahkaal
rahsheen,rahsheen
szeliu,szeliu
lfatzinger,lfatzinger
amnesty,amnesty
lalleclausen,lalleclausen
eyemediadiva,eyemediadiva
joannerighetti,joannerighetti
michelledozois,michelledozois
urbanhiker,urbanhiker
williammullin,williammullin
bethemedia,bethemedia
kentspeakman,kentspeakman
ajturner,ajturner
othar_lawrence,othar_lawrence
everywheretrip,everywheretrip
travelmagazine,travelmagazine
wendylpc,wendylpc
thedailymeal,thedailymeal
kuhn,kuhn
debramacki,debramacki
cincicouponbook,cincicouponbook
patrick,patrick
pahlkadot,pahlkadot
fosterthinking,fosterthinking
wef,wef
andreahong,andreahong
queennaudii,queennaudii
daveotten9304,daveotten9304
gecareers,gecareers
shannonkin,shannonkin
m0ndler,m0ndler
samproof,samproof
johncpacker,johncpacker
timmermansr,timmermansr
tomastokarcik,tomastokarcik
scottcb71,scottcb71
tony_at_2ntense,tony_at_2ntense
heyitsliam,heyitsliam
angelaecarder,angelaecarder
dkr,dkr
jonsherrell,jonsherrell
thomastowell,thomastowell
alexjamesfitz,alexjamesfitz
brett,brett
scrappy_face,scrappy_face
insperityjobs,insperityjobs
foodem,foodem
jobantum,jobantum
yoavlurie,yoavlurie
tacguy253,tacguy253
jimcaruso,jimcaruso
calevans,calevans
dvinmsm,dvinmsm
whitneymeers,whitneymeers
susimi,susimi
dallasdirtcandy,dallasdirtcandy
4sqaddictinfo,4sqaddictinfo
uw,uw
cathbot,cathbot
corybooker,corybooker
iancr,iancr
iphonegirl,iphonegirl
caitplusate,caitplusate
sethdreidelhill,sethdreidelhill
iamkhayyam,iamkhayyam
froggyfitz,froggyfitz
shaunacausey,shaunacausey
pnlamandre,pnlamandre
untappd,untappd
stevens1,stevens1
waynesutton,waynesutton
ghbrett,ghbrett
c_banman,c_banman
thevakko,thevakko
juiceroyal,juiceroyal
snyderwriter,snyderwriter
kk,kk
dbkguy,dbkguy
supercrosslive,supercrosslive
1oomiles,1oomiles
mikescollins,mikescollins
cocomoco,cocomoco
stevegarfield,stevegarfield
greglee,greglee
me_max,me_max
pascalkropf,pascalkropf
thewhyteninja,thewhyteninja
koelnformat,koelnformat
brady,brady
mayhemstudios,mayhemstudios
bigboi,bigboi
lukeslytalker,lukeslytalker
kenfucious,kenfucious
todd1hhd,todd1hhd
stacyknows,stacyknows
brandlippincott,brandlippincott
gkasica,gkasica
angelawoody,angelawoody
rickys_nyc,rickys_nyc
jubbabubba,jubbabubba
wedgelee,wedgelee
kebwilson,kebwilson
nathanhoy,nathanhoy
laurenapn,laurenapn
megraegrady,megraegrady
nydailynews,nydailynews
bethferreira,bethferreira
bremmel,bremmel
queenjaimi,queenjaimi
katieirv,katieirv
nycsidewalker,nycsidewalker
mwilliford,mwilliford
campcreekfarm,campcreekfarm
newyorkredbulls,newyorkredbulls
paul_steele,paul_steele
morethanawesome,morethanawesome
ckundo,ckundo
thepatmorgan,thepatmorgan
djidlemind,djidlemind
joelalvarado,joelalvarado
cyndi_r82,cyndi_r82
lsh,lsh
chrisirmo,chrisirmo
hawaii,hawaii
jon_peachey,jon_peachey
damonjohnsonvc,damonjohnsonvc
jeffcutler,jeffcutler
scobleizer,scobleizer
srinaldi,srinaldi
mr_adri,mr_adri
forcemm,forcemm
shuttlehugger,shuttlehugger
jordanlemon,jordanlemon
carolinamillan,carolinamillan
jwillie,jwillie
totalbottomjock,totalbottomjock
joeyhodges,joeyhodges
omaflinger,omaflinger
evolutionfresh,evolutionfresh
academik,academik
mariobatali,mariobatali
martiniolives,martiniolives
giovanni,giovanni
danielpatrick,danielpatrick
rohitbhargava,rohitbhargava
hutchmo,hutchmo
lauren_m_porter,lauren_m_porter
andykaufman,andykaufman
boltron,boltron
aliciadoeshair,aliciadoeshair
scottdreyfus,scottdreyfus
joycemsullivan,joycemsullivan
bahjournalist,bahjournalist
jakubptacin,jakubptacin
fromthebronx,fromthebronx
carlm3,carlm3
hyuninc,hyuninc
nickdawson,nickdawson
bytemarks,bytemarks
hayitsalexis,hayitsalexis
glorialloyd,glorialloyd
carriekerpen,carriekerpen
reneegannon,reneegannon
nzajicova,nzajicova
paulbz,paulbz
jniedfeldt,jniedfeldt
sfmoma,sfmoma
mcm180,mcm180
binowski,binowski
ortelius,ortelius
brunobyington,brunobyington
dberkowitz,dberkowitz
brendankeegan,brendankeegan
motosanricambi,motosanricambi
joshkersey,joshkersey
uwmadison,uwmadison
ambde,ambde
april_in_wa,april_in_wa
saadshake,saadshake
desireevallez,desireevallez
elizabethglau,elizabethglau
smcornelius,smcornelius
garyvee,garyvee
thisisbossi,thisisbossi
missrogue,missrogue
michaelrburcham,michaelrburcham
leyla_a,leyla_a
kevin_goldberg,kevin_goldberg
predsnhl,predsnhl
dcunited,dcunited
lauraknapp,lauraknapp
kg,kg
felix_molina,felix_molina
mayerreich,mayerreich
lynneluvah,lynneluvah
tonydasco,tonydasco
tacanderson,tacanderson
kevinmarks,kevinmarks
mollysbrawley,mollysbrawley
muralibala,muralibala
brandonbrown,brandonbrown
carlosrizo,carlosrizo
czsupplements,czsupplements
prhymerhymeboss,prhymerhymeboss
samshank,samshank
rickbakas,rickbakas
noraa,noraa
deskoneer,deskoneer
frankneill,frankneill
philgerb,philgerb
jcarillo,jcarillo
ccarella,ccarella
briancrouch,briancrouch
godutchmobile,godutchmobile
oneslyone,oneslyone
megbutton,megbutton
snwbdrhoon,snwbdrhoon
liamquinn71,liamquinn71
hoverbird,hoverbird
obrats,obrats
itylera,itylera
allimooney,allimooney
lukexmartin,lukexmartin
rich1,rich1
katyjack,katyjack
curlyjazz,curlyjazz
loriruff,loriruff
kathyhogeveen,kathyhogeveen
starpadilla,starpadilla
coachforyou,coachforyou
warrenss,warrenss
tsparnell,tsparnell
ehabalibakhreba,ehabalibakhreba
breko,breko
hambysandiego,hambysandiego
vfrandsen,vfrandsen
pricousins,pricousins
calebelston,calebelston
lawrenceyeah,lawrenceyeah
realizeu,realizeu
runwiki,runwiki
missria,missria
timlindley,timlindley
nashvillesymph,nashvillesymph
danielbru,danielbru
discoverla,discoverla
davidnam,davidnam
soundersfc,soundersfc
joeclucas,joeclucas
willy_wopper,willy_wopper
shaila,shaila
dermdoc,dermdoc
thatslydia,thatslydia
organovita,organovita
ladyniki_59,ladyniki_59
pcc,pcc
frizziface,frizziface
thegrio,thegrio
darrelwf,darrelwf
graisinbrand,graisinbrand
pauli_la,pauli_la
techfrog,techfrog
jimmystyle,jimmystyle
jodybossert,jodybossert
chrisolave,chrisolave
caseydaigle,caseydaigle
bsnyderii,bsnyderii
cnet,cnet
keefmoon,keefmoon
skiingmag,skiingmag
beh_zod,beh_zod
dewimailelim,dewimailelim
tiannacalcagno,tiannacalcagno
ohyeah_her,ohyeah_her
djsweeps,djsweeps
cigarcurator,cigarcurator
jtw90210,jtw90210
davemorin,davemorin
winkleman,winkleman
djmyk702,djmyk702
kristathomas,kristathomas
arnoldvsabben,arnoldvsabben
rachelrubes,rachelrubes
brandontnelson,brandontnelson
photomatt,photomatt
bravotv,bravo
cespo916,cespo916
electronicdward,electronicdward
weirdcoupons,weirdcoupons
imdjddddave,imdjddddave
oxygen,oxygen
huffmanaustin,huffmanaustin
vintageandmoore,vintageandmoore
benjaminmejias,benjaminmejias
marshacollier,marshacollier
marketingm8,marketingm8
baratunde,baratunde
davedelaney,davedelaney
tristanwalker,tristanwalker
bigkarma,bigkarma
colorado,colorado
deweydon,deweydon
halfbrown,halfbrown
hnldriver,hnldriver
yodspica,yodspica
jsullivanj,jsullivanj
davidsandusky,davidsandusky
bk2gther,bk2gther
thedistillery,thedistillery
scwbkk,scwbkk
ahauptman,ahauptman
singing_poetry,singing_poetry
annabridget,annabridget
jess3,jess3
4sqatl,4sqatl
continuants,continuants
the_geb,the_geb
dannylondon,dannylondon
aussiebum,aussiebum
countcory,countcory
baranek,baranek
sdodson,sdodson
themacstore,themacstore
jasonfox_me,jasonfox_me
queenofspain,queenofspain
graciesoriano,graciesoriano
giantsbook,giantsbook
hildaagoulay,hildaagoulay
bikforcancer,bikforcancer
rtgiordano,rtgiordano
sunniesouthern,sunniesouthern
dbearhunley,dbearhunley
vegascom,vegascom
hoteltonight,hoteltonight
rpilney,rpilney
lukeaf,lukeaf
1027kiisfm,1027kiisfm
robertshp,robertshp
ethoz1970,ethoz1970
writetolive,writetolive
suckaplease,suckaplease
camillens,camillens
aaronaccetta,aaronaccetta
goldmalish,goldmalish
joshuagates,joshuagates
jonathanesmith,jonathanesmith
gigi_peterkin,gigi_peterkin
timbersfc,timbersfc
ryanintheus,ryanintheus
kristenskimom,kristenskimom
williambeutler,williambeutler
djsleeper,djsleeper
chelsa,chelsa
jlopez255,jlopez255
amyacenolan,amyacenolan
pgatour,pgatour
agentjirius,agentjirius
travelitalia,travelitalia
afridaythoughts,afridaythoughts
agoldfisher,agoldfisher
momx3deb,momx3deb
claudioenriquea,claudioenriquea
kayt_marie,kayt_marie
vh1,vh1
mattable,mattable
carlsorvino,carlsorvino
writingbymatt,writingbymatt
tom_nguyen_,tom_nguyen_
bpmilne,bpmilne
scottrsmithpr,scottrsmithpr
lanivoivod,lanivoivod
visitcedarhill,visitcedarhill
dales777,dales777
davidpessah,davidpessah
lindsaykap,lindsaykap
socialwicker,socialwicker
julieford808,julieford808
carlablumenthal,carlablumenthal
rubenorozco,rubenorozco
turian,turian
katrinaajohnson,katrinaajohnson
slkeene,slkeene
42at42,42at42
sariverwalkfun,sariverwalkfun
peterkim,peterkim
boundarybay,boundarybay
jordanmabe,jordanmabe
tarahfo,tarahfo
theoriginaleb,theoriginaleb
efl_guy,efl_guy
curlycomedy,curlycomedy
ernestwilkins,ernestwilkins
thepatreidy,thepatreidy
princeton,princeton
pcfromdc,pcfromdc
joelgascoigne,joelgascoigne
nitinkjain,nitinkjain
katespadeny,katespadeny
aabrahamsson,aabrahamsson
linthecity,linthecity
omgitzfern,omgitzfern
makmakdaddy,makmakdaddy
lukasjanousek,lukasjanousek
petersgreenberg,petersgreenberg
zephoria,zephoria
indybootcamps,indybootcamps
themiragelv,themiragelv
guentheralmaty,guentheralmaty
abc,abc
chrisgtaylor,chrisgtaylor
ewwellness,ewwellness
vnl,vnl
theconstruct,theconstruct
carribugbee,carribugbee
asu,asu
prsarahevans,prsarahevans
yubbie007,yubbie007
timdifford,timdifford
whitneymuseum,whitneymuseum
amazingemerie,amazingemerie
riles_c,riles_c
emmarocks,emmarocks
shpralex,shpralex
ourordinarylife,ourordinarylife
christinehitt,christinehitt
pistachio,pistachio
andrewvest,andrewvest
ualrssr,ualrssr
bradleystylenyc,bradleystylenyc
catgreggs,catgreggs
barbaccio,barbaccio
unacatalina,unacatalina
bydanielvictor,bydanielvictor
hawaiilife,hawaiilife
livedeified,livedeified
diamondmind50,diamondmind50
iconjane,iconjane
darqlabs,darqlabs
kazab,kazab
uconn,uconn
courtenaybird,courtenaybird
keewood,keewood
mikeoneilrocks,mikeoneilrocks
nycgov,nycgov
mgallops,mgallops
gadling,gadling
jamiehayesart,jamiehayesart
gonzaloluengo,gonzaloluengo
nbcphiladelphia,nbcphiladelphia
moniquemontague,moniquemontague
restorerguy,restorerguy
robbie_rob21,robbie_rob21
timcarrla,timcarrla
vertexfitness,vertexfitness
teach42,teach42
techbutthead,techbutthead
domthenick,domthenick
jasonyi924,jasonyi924
rafichou,rafichou
energyintransit,energyintransit
dannybloomfield,dannybloomfield
jhski,jhski
lifeisporno,lifeisporno
chupacaubrey,chupacaubrey
crocs,crocs
sonnyvu,sonnyvu
ryanchris,ryanchris
sarahdayowen,sarahdayowen
musiccitytaxi,musiccitytaxi
nickychips,nickychips
bernardmoon,bernardmoon
jspepper,jspepper
yama,yama
naveen,naveen
kcrw,kcrw
mikulsky,mikulsky
gillianilvla,gillianilvla
timfalls,timfalls
healthylosergal,healthylosergal
msmeshelle,msmeshelle
njdotcom,njdotcom
jkennedy93,jkennedy93
danmaccarone,danmaccarone
luciencoy,luciencoy
thurstonchamber,thurstonchamber
scionboo,scionboo
downtownnyc,downtownnyc
ejmiranda,ejmiranda
jorenerene,jorenerene
msh,msh
