arnoldvsabben,jtw90210
rachelrubes,davemorin
brandontnelson,winkleman
djmyk702,photomatt
bravo,kristathomas
cespo916,arnoldvsabben
electronicdward,rachelrubes
brandontnelson,weirdcoupons
photomatt,imdjddddave
oxygen,bravo
cespo916,huffmanaustin
electronicdward,vintageandmoore
benjaminmejias,weirdcoupons
imdjddddave,marshacollier
marketingm8,oxygen
baratunde,huffmanaustin
davedelaney,vintageandmoore
tristanwalker,benjaminmejias
marshacollier,bigkarma
marketingm8,colorado
deweydon,baratunde
davedelaney,halfbrown
tristanwalker,hnldriver
yodspica,bigkarma
colorado,jsullivanj
deweydon,davidsandusky
halfbrown,bk2gther
hnldriver,thedistillery
scwbkk,yodspica
ahauptman,jsullivanj
singing_poetry,davidsandusky
bk2gther,annabridget
thedistillery,jess3
scwbkk,4sqatl
ahauptman,continuants
the_geb,singing_poetry
dannylondon,annabridget
aussiebum,jess3
countcory,4sqatl
continuants,baranek
the_geb,sdodson
themacstore,dannylondon
aussiebum,jasonfox_me
countcory,queenofspain
baranek,graciesoriano
giantsbook,sdodson
hildaagoulay,themacstore
jasonfox_me,bikforcancer
rtgiordano,queenofspain
graciesoriano,sunniesouthern
dbearhunley,giantsbook
vegascom,hildaagoulay
bikforcancer,hoteltonight
rpilney,rtgiordano
sunniesouthern,lukeaf
1027kiisfm,dbearhunley
robertshp,vegascom
ethoz1970,hoteltonight
writetolive,rpilney
lukeaf,suckaplease
camillens,1027kiisfm
robertshp,aaronaccetta
ethoz1970,goldmalish
joshuagates,writetolive
suckaplease,jonathanesmith
gigi_peterkin,camillens
aaronaccetta,timbersfc
goldmalish,ryanintheus
joshuagates,kristenskimom
williambeutler,jonathanesmith
djsleeper,gigi_peterkin
chelsa,timbersfc
jlopez255,ryanintheus
amyacenolan,kristenskimom
williambeutler,pgatour
agentjirius,djsleeper
chelsa,travelitalia
jlopez255,afridaythoughts
amyacenolan,agoldfisher
momx3deb,pgatour
claudioenriquea,agentjirius
kayt_marie,travelitalia
vh1,afridaythoughts
agoldfisher,mattable
momx3deb,carlsorvino
claudioenriquea,writingbymatt
kayt_marie,tom_nguyen_
vh1,bpmilne
mattable,scottrsmithpr
carlsorvino,lanivoivod
writingbymatt,visitcedarhill
tom_nguyen_,dales777
bpmilne,davidpessah
scottrsmithpr,lindsaykap
lanivoivod,socialwicker
visitcedarhill,julieford808
carlablumenthal,dales777
davidpessah,rubenorozco
lindsaykap,turian
socialwicker,katrinaajohnson
slkeene,julieford808
42at42,carlablumenthal
cespo916,rubenorozco
bravo,turian
katrinaajohnson,photomatt
slkeene,brandontnelson
rachelrubes,42at42
jtw90210,arnoldvsabben
rachelrubes,davemorin
winkleman,brandontnelson
djmyk702,photomatt
bravo,kristathomas
cespo916,arnoldvsabben
electronicdward,rachelrubes
brandontnelson,weirdcoupons
imdjddddave,photomatt
bravo,oxygen
cespo916,huffmanaustin
electronicdward,vintageandmoore
weirdcoupons,benjaminmejias
marshacollier,imdjddddave
oxygen,marketingm8
huffmanaustin,baratunde
vintageandmoore,davedelaney
tristanwalker,benjaminmejias
marshacollier,bigkarma
colorado,marketingm8
baratunde,deweydon
halfbrown,davedelaney
tristanwalker,hnldriver
yodspica,bigkarma
colorado,jsullivanj
deweydon,davidsandusky
bk2gther,halfbrown
hnldriver,thedistillery
scwbkk,yodspica
jsullivanj,ahauptman
davidsandusky,singing_poetry
annabridget,bk2gther
jess3,thedistillery
4sqatl,scwbkk
continuants,ahauptman
singing_poetry,the_geb
dannylondon,annabridget
aussiebum,jess3
countcory,4sqatl
baranek,continuants
sdodson,the_geb
themacstore,dannylondon
aussiebum,jasonfox_me
countcory,queenofspain
baranek,graciesoriano
sdodson,giantsbook
themacstore,hildaagoulay
bikforcancer,jasonfox_me
rtgiordano,queenofspain
graciesoriano,sunniesouthern
giantsbook,dbearhunley
hildaagoulay,vegascom
hoteltonight,bikforcancer
rpilney,rtgiordano
sunniesouthern,lukeaf
1027kiisfm,dbearhunley
vegascom,robertshp
ethoz1970,hoteltonight
rpilney,writetolive
suckaplease,lukeaf
camillens,1027kiisfm
robertshp,aaronaccetta
goldmalish,ethoz1970
joshuagates,writetolive
jonathanesmith,suckaplease
gigi_peterkin,camillens
aaronaccetta,timbersfc
ryanintheus,goldmalish
kristenskimom,joshuagates
jonathanesmith,williambeutler
gigi_peterkin,djsleeper
timbersfc,chelsa
jlopez255,ryanintheus
amyacenolan,kristenskimom
pgatour,williambeutler
djsleeper,agentjirius
chelsa,travelitalia
jlopez255,afridaythoughts
amyacenolan,agoldfisher
momx3deb,pgatour
agentjirius,claudioenriquea
kayt_marie,travelitalia
vh1,afridaythoughts
mattable,agoldfisher
carlsorvino,momx3deb
claudioenriquea,writingbymatt
tom_nguyen_,kayt_marie
bpmilne,vh1
mattable,scottrsmithpr
carlsorvino,lanivoivod
visitcedarhill,writingbymatt
tom_nguyen_,dales777
davidpessah,bpmilne
scottrsmithpr,lindsaykap
socialwicker,lanivoivod
visitcedarhill,julieford808
carlablumenthal,dales777
davidpessah,rubenorozco
lindsaykap,turian
socialwicker,katrinaajohnson
julieford808,slkeene
carlablumenthal,42at42
cespo916,rubenorozco
bravo,turian
photomatt,katrinaajohnson
brandontnelson,slkeene
rachelrubes,42at42
