jtw90210,jtw90210
davemorin,davemorin
winkleman,winkleman
djmyk702,djmyk702
kristathomas,kristathomas
arnoldvsabben,arnoldvsabben
rachelrubes,rachelrubes
brandontnelson,brandontnelson
photomatt,photomatt
bravotv,bravo
cespo916,cespo916
electronicdward,electronicdward
weirdcoupons,weirdcoupons
imdjddddave,imdjddddave
oxygen,oxygen
huffmanaustin,huffmanaustin
vintageandmoore,vintageandmoore
benjaminmejias,benjaminmejias
marshacollier,marshacollier
marketingm8,marketingm8
baratunde,baratunde
davedelaney,davedelaney
tristanwalker,tristanwalker
bigkarma,bigkarma
colorado,colorado
deweydon,deweydon
halfbrown,halfbrown
hnldriver,hnldriver
yodspica,yodspica
jsullivanj,jsullivanj
davidsandusky,davidsandusky
bk2gther,bk2gther
thedistillery,thedistillery
scwbkk,scwbkk
ahauptman,ahauptman
singing_poetry,singing_poetry
annabridget,annabridget
jess3,jess3
4sqatl,4sqatl
continuants,continuants
the_geb,the_geb
dannylondon,dannylondon
aussiebum,aussiebum
countcory,countcory
baranek,baranek
sdodson,sdodson
themacstore,themacstore
jasonfox_me,jasonfox_me
queenofspain,queenofspain
graciesoriano,graciesoriano
giantsbook,giantsbook
hildaagoulay,hildaagoulay
bikforcancer,bikforcancer
rtgiordano,rtgiordano
sunniesouthern,sunniesouthern
dbearhunley,dbearhunley
vegascom,vegascom
hoteltonight,hoteltonight
rpilney,rpilney
lukeaf,lukeaf
1027kiisfm,1027kiisfm
robertshp,robertshp
ethoz1970,ethoz1970
writetolive,writetolive
suckaplease,suckaplease
camillens,camillens
aaronaccetta,aaronaccetta
goldmalish,goldmalish
joshuagates,joshuagates
jonathanesmith,jonathanesmith
gigi_peterkin,gigi_peterkin
timbersfc,timbersfc
ryanintheus,ryanintheus
kristenskimom,kristenskimom
williambeutler,williambeutler
djsleeper,djsleeper
chelsa,chelsa
jlopez255,jlopez255
amyacenolan,amyacenolan
pgatour,pgatour
agentjirius,agentjirius
travelitalia,travelitalia
afridaythoughts,afridaythoughts
agoldfisher,agoldfisher
momx3deb,momx3deb
claudioenriquea,claudioenriquea
kayt_marie,kayt_marie
vh1,vh1
mattable,mattable
carlsorvino,carlsorvino
writingbymatt,writingbymatt
tom_nguyen_,tom_nguyen_
bpmilne,bpmilne
scottrsmithpr,scottrsmithpr
lanivoivod,lanivoivod
visitcedarhill,visitcedarhill
dales777,dales777
davidpessah,davidpessah
lindsaykap,lindsaykap
socialwicker,socialwicker
julieford808,julieford808
carlablumenthal,carlablumenthal
rubenorozco,rubenorozco
turian,turian
katrinaajohnson,katrinaajohnson
slkeene,slkeene
42at42,42at42